epochTime,seconds,minutes,dirTag,vehicle,tripTag
1504964364170,5361,89,800_44_1,6107,5574753
1504964364170,5301,88,800_44_1,6107,5574753
1504964364170,5241,87,800_44_1,6107,5574753
1504964364170,5181,86,800_44_1,6107,5574753
1504964364170,5120,85,800_44_1,6107,5574753
1504964364170,5058,84,800_44_1,6107,5574753
1504964364170,5001,83,800_44_1,6107,5574753
1504964364170,4941,82,800_44_1,6107,5574753
1504964364170,4881,81,800_44_1,6107,5574753
1504964364170,4821,80,800_44_1,6107,5574753
1504964364170,4760,79,800_44_1,6107,5574753
1504964364170,4700,78,800_44_1,6107,5574753
1504964364170,4641,77,800_44_1,6107,5574753
1504964364170,4581,76,800_44_1,6107,5574753
1504964364170,4520,75,800_44_1,6107,5574753
1504964364170,4461,74,800_44_1,6107,5574753
1504964364170,4401,73,800_44_1,6107,5574753
1504964364170,4341,72,800_44_1,6107,5574753
1504964364170,4281,71,800_44_1,6107,5574753
1504964364170,4221,70,800_44_1,6107,5574753
1504964364170,4161,69,800_44_1,6107,5574753
1504964364170,4101,68,800_44_1,6107,5574753
1504964364170,4041,67,800_44_1,6107,5574753
1504964364170,3981,66,800_44_1,6107,5574753
1504964364170,3919,65,800_44_1,6107,5574753
1504964364170,3860,64,800_44_1,6107,5574753
1504964364170,3800,63,800_44_1,6107,5574753
1504964364170,3739,62,800_44_1,6107,5574753
1504964364170,3679,61,800_44_1,6107,5574753
1504964364170,3621,60,800_44_1,6107,5574753
1504964364170,3561,59,800_44_1,6107,5574753
1504964364170,3500,58,800_44_1,6107,5574753
1504964364170,3441,57,800_44_1,6107,5574753
1504964364170,3377,56,800_44_1,6107,5574753
1504964364170,3316,55,800_44_1,6107,5574753
1504964364170,3260,54,800_44_1,6107,5574753
1504964364170,3201,53,800_44_1,6107,5574753
1504964364170,3141,52,800_44_1,6107,5574753
1504964364170,3080,51,800_44_1,6107,5574753
1504964364170,3021,50,800_44_1,6107,5574753
1504964364170,2961,49,800_44_1,6107,5574753
1504964364170,2900,48,800_44_1,6107,5574753
1504964364170,2841,47,800_44_1,6107,5574753
1504964364170,2780,46,800_44_1,6107,5574753
1504964364170,2720,45,800_44_1,6107,5574753
1504964364170,2660,44,800_44_1,6107,5574753
1504964364170,2600,43,800_44_1,6107,5574753
1504964364170,2540,42,800_44_1,6107,5574753
1504964364170,2480,41,800_44_1,6107,5574753
1504964364170,2421,40,800_44_1,6107,5574753
1504964364170,2360,39,800_44_1,6107,5574753
1504964364170,2300,38,800_44_1,6107,5574753
1504964364170,2239,37,800_44_1,6107,5574753
1504964364170,2179,36,800_44_1,6107,5574753
1504964364170,2121,35,800_44_1,6107,5574753
1504964364170,2060,34,800_44_1,6107,5574753
1504964364170,1999,33,800_44_1,6107,5574753
1504964364170,1941,32,800_44_1,6107,5574753
1504964364170,1881,31,800_44_1,6107,5574753
1504964364170,1820,30,800_44_1,6107,5574753
1504964364170,1761,29,800_44_1,6107,5574753
1504964364170,1700,28,800_44_1,6107,5574753
1504964364170,1641,27,800_44_1,6107,5574753
1504964364170,1580,26,800_44_1,6107,5574753
1504964384170,1540,25,800_44_1,6107,5574753
1504964384170,1480,24,800_44_1,6107,5574753
1504964384170,1421,23,800_44_1,6107,5574753
1504964384170,1360,22,800_44_1,6107,5574753
1504964384170,1301,21,800_44_1,6107,5574753
1504964430859,1287,21,800_44_1,6107,5574753
1504964438753,1235,20,800_44_1,6107,5574753
1504964438116,1174,19,800_44_1,6107,5574753
1504964438116,1114,18,800_44_1,6107,5574753
1504964438116,1055,17,800_44_1,6107,5574753
1504964402104,958,15,800_44_1,6107,5574753
1504964408780,904,15,800_44_1,6107,5574753
1504964450236,887,14,800_44_1,6107,5574753
1504964450236,827,13,800_44_1,6107,5574753
1504964450236,766,12,800_44_1,6107,5574753
1504964442225,697,11,800_44_1,6107,5574753
1504964442225,639,10,800_44_1,6107,5574753
1504964435945,572,9,800_44_1,6107,5574753
1504964435945,511,8,800_44_1,6107,5574753
1504964435945,452,7,800_44_1,6107,5574753
1504964435945,392,6,800_44_1,6107,5574753
1504964435945,331,5,800_44_1,6107,5574753
1504964405875,242,4,800_44_1,6107,5574753
1504964405875,181,3,800_44_1,6107,5574753
1504964405875,122,2,800_44_1,6107,5574753
1504964405875,62,1,800_44_1,6107,5574753
1505050833160,5369,89,800_44_1,6107,5576231
1505050833160,5310,88,800_44_1,6107,5576231
1505050833160,5248,87,800_44_1,6107,5576231
1505050833160,5189,86,800_44_1,6107,5576231
1505050833160,5129,85,800_44_1,6107,5576231
1505050833160,5069,84,800_44_1,6107,5576231
1505050833160,5010,83,800_44_1,6107,5576231
1505050833160,4949,82,800_44_1,6107,5576231
1505050833160,4889,81,800_44_1,6107,5576231
1505050833160,4827,80,800_44_1,6107,5576231
1505050833160,4766,79,800_44_1,6107,5576231
1505050833160,4710,78,800_44_1,6107,5576231
1505050833160,4649,77,800_44_1,6107,5576231
1505050833160,4590,76,800_44_1,6107,5576231
1505050833160,4529,75,800_44_1,6107,5576231
1505050833160,4470,74,800_44_1,6107,5576231
1505050833160,4409,73,800_44_1,6107,5576231
1505050833160,4349,72,800_44_1,6107,5576231
1505050833160,4290,71,800_44_1,6107,5576231
1505050833160,4230,70,800_44_1,6107,5576231
1505050833160,4169,69,800_44_1,6107,5576231
1505050833160,4109,68,800_44_1,6107,5576231
1505050833160,4049,67,800_44_1,6107,5576231
1505050833160,3989,66,800_44_1,6107,5576231
1505050833160,3929,65,800_44_1,6107,5576231
1505050833160,3869,64,800_44_1,6107,5576231
1505050833160,3809,63,800_44_1,6107,5576231
1505050833160,3750,62,800_44_1,6107,5576231
1505050833160,3688,61,800_44_1,6107,5576231
1505050833160,3628,60,800_44_1,6107,5576231
1505050833160,3570,59,800_44_1,6107,5576231
1505050833160,3506,58,800_44_1,6107,5576231
1505050833160,3449,57,800_44_1,6107,5576231
1505050833160,3388,56,800_44_1,6107,5576231
1505050833160,3326,55,800_44_1,6107,5576231
1505050833160,3269,54,800_44_1,6107,5576231
1505050833160,3209,53,800_44_1,6107,5576231
1505050833160,3147,52,800_44_1,6107,5576231
1505050833160,3089,51,800_44_1,6107,5576231
1505050833160,3030,50,800_44_1,6107,5576231
1505050833160,2970,49,800_44_1,6107,5576231
1505050833160,2910,48,800_44_1,6107,5576231
1505050833160,2849,47,800_44_1,6107,5576231
1505052041945,4057,67,800_44_1,6103,5574763
1505050833160,2789,46,800_44_1,6107,5576231
1505052041945,3998,66,800_44_1,6103,5574763
1505050833160,2728,45,800_44_1,6107,5576231
1505052041945,3936,65,800_44_1,6103,5574763
1505050833160,2669,44,800_44_1,6107,5576231
1505052041945,3878,64,800_44_1,6103,5574763
1505050833160,2609,43,800_44_1,6107,5576231
1505052041945,3818,63,800_44_1,6103,5574763
1505050833160,2550,42,800_44_1,6107,5576231
1505052041945,3759,62,800_44_1,6103,5574763
1505050833160,2488,41,800_44_1,6107,5576231
1505052041945,3696,61,800_44_1,6103,5574763
1505050833160,2427,40,800_44_1,6107,5576231
1505052041945,3636,60,800_44_1,6103,5574763
1505050833160,2368,39,800_44_1,6107,5576231
1505052041945,3577,59,800_44_1,6103,5574763
1505050833160,2310,38,800_44_1,6107,5576231
1505052041945,3519,58,800_44_1,6103,5574763
1505050833160,2250,37,800_44_1,6107,5576231
1505052041945,3458,57,800_44_1,6103,5574763
1505050833160,2189,36,800_44_1,6107,5576231
1505052041945,3398,56,800_44_1,6103,5574763
1505050833160,2130,35,800_44_1,6107,5576231
1505052041945,3338,55,800_44_1,6103,5574763
1505050833160,2069,34,800_44_1,6107,5576231
1505052041945,3278,54,800_44_1,6103,5574763
1505050833160,2007,33,800_44_1,6107,5576231
1505052041945,3216,53,800_44_1,6103,5574763
1505050833160,1948,32,800_44_1,6107,5576231
1505052041945,3157,52,800_44_1,6103,5574763
1505050833160,1890,31,800_44_1,6107,5576231
1505052041945,3098,51,800_44_1,6103,5574763
1505050833160,1829,30,800_44_1,6107,5576231
1505052041945,3038,50,800_44_1,6103,5574763
1505050833160,1768,29,800_44_1,6107,5576231
1505052041945,2977,49,800_44_1,6103,5574763
1505050833160,1709,28,800_44_1,6107,5576231
1505052041945,2918,48,800_44_1,6103,5574763
1505050833160,1650,27,800_44_1,6107,5576231
1505050833160,1590,26,800_44_1,6107,5576231
1505050833160,1530,25,800_44_1,6107,5576231
1505050706376,1340,22,800_44_1,6107,5576231
1505050725081,1302,21,800_44_1,6107,5576231
1505050745857,1260,21,800_44_1,6107,5576231
1505050745857,1202,20,800_44_1,6107,5576231
1505050758882,1152,19,800_44_1,6107,5576231
1505050754800,1088,18,800_44_1,6107,5576231
1505050754800,1029,17,800_44_1,6107,5576231
1505050754800,971,16,800_44_1,6107,5576231
1505050754800,909,15,800_44_1,6107,5576231
1505050771668,866,14,800_44_1,6107,5576231
1505050771668,808,13,800_44_1,6107,5576231
1505050771668,748,12,800_44_1,6107,5576231
1505050733667,649,10,800_44_1,6107,5576231
1505050733667,588,9,800_44_1,6107,5576231
1505050733667,530,8,800_44_1,6107,5576231
1505050702411,438,7,800_44_1,6107,5576231
1505050682064,357,5,800_44_1,6107,5576231
1505050682064,295,4,800_44_1,6107,5576231
1505050729979,287,4,800_44_1,6107,5576231
1505050729979,225,3,800_44_1,6107,5576231
1505050729979,163,2,800_44_1,6107,5576231
1505050727620,104,1,800_44_1,6107,5576231
1505050735447,48,0,800_44_1,6107,5576231
1505050779998,36,0,800_44_1,6107,5576231
1505139064556,5341,89,800_44_1,2211,5576241
1505139064556,5281,88,800_44_1,2211,5576241
1505139064556,5220,87,800_44_1,2211,5576241
1505139064556,5161,86,800_44_1,2211,5576241
1505139064556,5100,85,800_44_1,2211,5576241
1505139064556,5040,84,800_44_1,2211,5576241
1505139064556,4981,83,800_44_1,2211,5576241
1505139064556,4920,82,800_44_1,2211,5576241
1505139064556,4860,81,800_44_1,2211,5576241
1505139064556,4799,79,800_44_1,2211,5576241
1505139064556,4740,79,800_44_1,2211,5576241
1505139064556,4677,77,800_44_1,2211,5576241
1505139064556,4621,77,800_44_1,2211,5576241
1505139064556,4560,76,800_44_1,2211,5576241
1505139064556,4500,75,800_44_1,2211,5576241
1505139064556,4440,74,800_44_1,2211,5576241
1505139064556,4380,73,800_44_1,2211,5576241
1505139064556,4321,72,800_44_1,2211,5576241
1505139064556,4259,70,800_44_1,2211,5576241
1505139064556,4197,69,800_44_1,2211,5576241
1505139064556,4138,68,800_44_1,2211,5576241
1505139064556,4081,68,800_44_1,2211,5576241
1505139064556,4017,66,800_44_1,2211,5576241
1505139064556,3956,65,800_44_1,2211,5576241
1505139064556,3899,64,800_44_1,2211,5576241
1505139064556,3838,63,800_44_1,2211,5576241
1505139064556,3780,63,800_44_1,2211,5576241
1505139064556,3720,62,800_44_1,2211,5576241
1505139064556,3660,61,800_44_1,2211,5576241
1505139064556,3601,60,800_44_1,2211,5576241
1505139064556,3539,58,800_44_1,2211,5576241
1505139064556,3480,58,800_44_1,2211,5576241
1505139064556,3420,57,800_44_1,2211,5576241
1505139064556,3360,56,800_44_1,2211,5576241
1505139064556,3300,55,800_44_1,2211,5576241
1505139064556,3241,54,800_44_1,2211,5576241
1505139064556,3181,53,800_44_1,2211,5576241
1505139064556,3121,52,800_44_1,2211,5576241
1505139064556,3061,51,800_44_1,2211,5576241
1505139064556,3000,50,800_44_1,2211,5576241
1505139064556,2939,48,800_44_1,2211,5576241
1505139064556,2880,48,800_44_1,2211,5576241
1505139064556,2821,47,800_44_1,2211,5576241
1505139064556,2759,45,800_44_1,2211,5576241
1505139064556,2701,45,800_44_1,2211,5576241
1505139064556,2640,44,800_44_1,2211,5576241
1505139064556,2581,43,800_44_1,2211,5576241
1505139064556,2520,42,800_44_1,2211,5576241
1505139064556,2460,41,800_44_1,2211,5576241
1505139064556,2400,40,800_44_1,2211,5576241
1505139064556,2340,39,800_44_1,2211,5576241
1505139064556,2280,38,800_44_1,2211,5576241
1505139064556,2220,37,800_44_1,2211,5576241
1505139064556,2161,36,800_44_1,2211,5576241
1505139064556,2101,35,800_44_1,2211,5576241
1505139064556,2041,34,800_44_1,2211,5576241
1505139123630,2040,34,800_44_1,2211,5576241
1505139144865,2001,33,800_44_1,2211,5576241
1505139144865,1941,32,800_44_1,2211,5576241
1505139144865,1881,31,800_44_1,2211,5576241
1505139144865,1821,30,800_44_1,2211,5576241
1505139144865,1761,29,800_44_1,2211,5576241
1505139144865,1701,28,800_44_1,2211,5576241
1505139144865,1641,27,800_44_1,2211,5576241
1505139144865,1581,26,800_44_1,2211,5576241
1505139144865,1521,25,800_44_1,2211,5576241
1505139144865,1461,24,800_44_1,2211,5576241
1505139144865,1400,23,800_44_1,2211,5576241
1505569117522,5372,89,800_44_1,6107,5574753
1505569117522,5314,88,800_44_1,6107,5574753
1505569117522,5254,87,800_44_1,6107,5574753
1505569117522,5194,86,800_44_1,6107,5574753
1505569117522,5134,85,800_44_1,6107,5574753
1505569117522,5074,84,800_44_1,6107,5574753
1505569117522,5013,83,800_44_1,6107,5574753
1505569117522,4954,82,800_44_1,6107,5574753
1505569117522,4894,81,800_44_1,6107,5574753
1505569117522,4834,80,800_44_1,6107,5574753
1505569117522,4774,79,800_44_1,6107,5574753
1505569117522,4714,78,800_44_1,6107,5574753
1505569117522,4654,77,800_44_1,6107,5574753
1505569117522,4594,76,800_44_1,6107,5574753
1505569117522,4533,75,800_44_1,6107,5574753
1505569117522,4474,74,800_44_1,6107,5574753
1505569117522,4414,73,800_44_1,6107,5574753
1505569117522,4354,72,800_44_1,6107,5574753
1505569117522,4294,71,800_44_1,6107,5574753
1505569117522,4234,70,800_44_1,6107,5574753
1505569117522,4174,69,800_44_1,6107,5574753
1505569117522,4113,68,800_44_1,6107,5574753
1505569117522,4054,67,800_44_1,6107,5574753
1505569117522,3994,66,800_44_1,6107,5574753
1505569117522,3934,65,800_44_1,6107,5574753
1505569117522,3873,64,800_44_1,6107,5574753
1505569117522,3814,63,800_44_1,6107,5574753
1505569117522,3753,62,800_44_1,6107,5574753
1505569117522,3694,61,800_44_1,6107,5574753
1505569117522,3634,60,800_44_1,6107,5574753
1505569117522,3573,59,800_44_1,6107,5574753
1505569117522,3513,58,800_44_1,6107,5574753
1505569117522,3454,57,800_44_1,6107,5574753
1505569117522,3394,56,800_44_1,6107,5574753
1505569117522,3332,55,800_44_1,6107,5574753
1505569117522,3272,54,800_44_1,6107,5574753
1505569117522,3214,53,800_44_1,6107,5574753
1505569117522,3152,52,800_44_1,6107,5574753
1505569117522,3092,51,800_44_1,6107,5574753
1505569117522,3033,50,800_44_1,6107,5574753
1505569117522,2973,49,800_44_1,6107,5574753
1505569117522,2910,48,800_44_1,6107,5574753
1505569117522,2854,47,800_44_1,6107,5574753
1505569117522,2793,46,800_44_1,6107,5574753
1505569117522,2734,45,800_44_1,6107,5574753
1505569117522,2674,44,800_44_1,6107,5574753
1505569117522,2613,43,800_44_1,6107,5574753
1505569117522,2553,42,800_44_1,6107,5574753
1505569117522,2494,41,800_44_1,6107,5574753
1505569117522,2434,40,800_44_1,6107,5574753
1505569117522,2372,39,800_44_1,6107,5574753
1505569117522,2313,38,800_44_1,6107,5574753
1505569117522,2251,37,800_44_1,6107,5574753
1505569117522,2193,36,800_44_1,6107,5574753
1505569117522,2132,35,800_44_1,6107,5574753
1505569117522,2073,34,800_44_1,6107,5574753
1505569117522,2013,33,800_44_1,6107,5574753
1505569117522,1952,32,800_44_1,6107,5574753
1505569117522,1894,31,800_44_1,6107,5574753
1505569117522,1833,30,800_44_1,6107,5574753
1505569117522,1774,29,800_44_1,6107,5574753
1505569117522,1712,28,800_44_1,6107,5574753
1505569117522,1653,27,800_44_1,6107,5574753
1505569117522,1593,26,800_44_1,6107,5574753
1505569117522,1533,25,800_44_1,6107,5574753
1505569117522,1474,24,800_44_1,6107,5574753
1505569159842,1453,24,800_44_1,6107,5574753
1505569159842,1396,23,800_44_1,6107,5574753
1505569159842,1335,22,800_44_1,6107,5574753
1505569126030,1241,20,800_44_1,6107,5574753
1505569134905,1190,19,800_44_1,6107,5574753
1505569134905,1131,18,800_44_1,6107,5574753
1505569130296,1066,17,800_44_1,6107,5574753
1505569138083,1014,16,800_44_1,6107,5574753
1505569138083,953,15,800_44_1,6107,5574753
1505569138083,894,14,800_44_1,6107,5574753
1505569151431,845,14,800_44_1,6107,5574753
1505569151431,787,13,800_44_1,6107,5574753
1505569151431,727,12,800_44_1,6107,5574753
1505569124011,639,10,800_44_1,6107,5574753
1505569103620,560,9,800_44_1,6107,5574753
1505569103620,498,8,800_44_1,6107,5574753
1505569103620,438,7,800_44_1,6107,5574753
1505569103620,380,6,800_44_1,6107,5574753
1505569022985,237,3,800_44_1,6107,5574753
1505569022985,177,2,800_44_1,6107,5574753
1505569015784,111,1,800_44_1,6107,5574753
1505569058409,94,1,800_44_1,6107,5574753
1505569058277,33,0,800_44_1,6107,5574753
1505655706711,5383,89,800_44_1,6107,5576231
1505655706711,5321,88,800_44_1,6107,5576231
1505655706711,5262,87,800_44_1,6107,5576231
1505655706711,5201,86,800_44_1,6107,5576231
1505655706711,5143,85,800_44_1,6107,5576231
1505655706711,5083,84,800_44_1,6107,5576231
1505655706711,5024,83,800_44_1,6107,5576231
1505655706711,4963,82,800_44_1,6107,5576231
1505655706711,4903,81,800_44_1,6107,5576231
1505655706711,4844,80,800_44_1,6107,5576231
1505655706711,4784,79,800_44_1,6107,5576231
1505655706711,4723,78,800_44_1,6107,5576231
1505655706711,4663,77,800_44_1,6107,5576231
1505655706711,4603,76,800_44_1,6107,5576231
1505655706711,4543,75,800_44_1,6107,5576231
1505655706711,4483,74,800_44_1,6107,5576231
1505655706711,4423,73,800_44_1,6107,5576231
1505655706711,4363,72,800_44_1,6107,5576231
1505655706711,4301,71,800_44_1,6107,5576231
1505655706711,4244,70,800_44_1,6107,5576231
1505655706711,4183,69,800_44_1,6107,5576231
1505655706711,4123,68,800_44_1,6107,5576231
1505656937894,5354,89,800_44_1,6103,5574763
1505655706711,4064,67,800_44_1,6107,5576231
1505656937894,5295,88,800_44_1,6103,5574763
1505655706711,4004,66,800_44_1,6107,5576231
1505656937894,5235,87,800_44_1,6103,5574763
1505655706711,3944,65,800_44_1,6107,5576231
1505656937894,5175,86,800_44_1,6103,5574763
1505655706711,3884,64,800_44_1,6107,5576231
1505656937894,5115,85,800_44_1,6103,5574763
1505655706711,3823,63,800_44_1,6107,5576231
1505656937894,5054,84,800_44_1,6103,5574763
1505655706711,3763,62,800_44_1,6107,5576231
1505656937894,4994,83,800_44_1,6103,5574763
1505655706711,3703,61,800_44_1,6107,5576231
1505656937894,4934,82,800_44_1,6103,5574763
1505655706711,3643,60,800_44_1,6107,5576231
1505656937894,4874,81,800_44_1,6103,5574763
1505655706711,3583,59,800_44_1,6107,5576231
1505656937894,4814,80,800_44_1,6103,5574763
1505655706711,3523,58,800_44_1,6107,5576231
1505656937894,4754,79,800_44_1,6103,5574763
1505655706711,3463,57,800_44_1,6107,5576231
1505656937894,4694,78,800_44_1,6103,5574763
1505655706711,3403,56,800_44_1,6107,5576231
1505656937894,4634,77,800_44_1,6103,5574763
1505655706711,3343,55,800_44_1,6107,5576231
1505656937894,4574,76,800_44_1,6103,5574763
1505655706711,3282,54,800_44_1,6107,5576231
1505656937894,4513,75,800_44_1,6103,5574763
1505655706711,3221,53,800_44_1,6107,5576231
1505656937894,4452,74,800_44_1,6103,5574763
1505655706711,3162,52,800_44_1,6107,5576231
1505656937894,4394,73,800_44_1,6103,5574763
1505655706711,3102,51,800_44_1,6107,5576231
1505656937894,4333,72,800_44_1,6103,5574763
1505655706711,3042,50,800_44_1,6107,5576231
1505656937894,4273,71,800_44_1,6103,5574763
1505655706711,2980,49,800_44_1,6107,5576231
1505656937894,4212,70,800_44_1,6103,5574763
1505655706711,2922,48,800_44_1,6107,5576231
1505656937894,4153,69,800_44_1,6103,5574763
1505655706711,2862,47,800_44_1,6107,5576231
1505656937894,4093,68,800_44_1,6103,5574763
1505655706711,2800,46,800_44_1,6107,5576231
1505656937894,4032,67,800_44_1,6103,5574763
1505655706711,2742,45,800_44_1,6107,5576231
1505656937894,3974,66,800_44_1,6103,5574763
1505655706711,2683,44,800_44_1,6107,5576231
1505656937894,3914,65,800_44_1,6103,5574763
1505655706711,2622,43,800_44_1,6107,5576231
1505656937894,3854,64,800_44_1,6103,5574763
1505655706711,2563,42,800_44_1,6107,5576231
1505656937894,3794,63,800_44_1,6103,5574763
1505655706711,2502,41,800_44_1,6107,5576231
1505656937894,3734,62,800_44_1,6103,5574763
1505655706711,2442,40,800_44_1,6107,5576231
1505656937894,3674,61,800_44_1,6103,5574763
1505655706711,2383,39,800_44_1,6107,5576231
1505656937894,3614,60,800_44_1,6103,5574763
1505655706711,2322,38,800_44_1,6107,5576231
1505656937894,3553,59,800_44_1,6103,5574763
1505655706711,2263,37,800_44_1,6107,5576231
1505656937894,3494,58,800_44_1,6103,5574763
1505655706711,2202,36,800_44_1,6107,5576231
1505656937894,3433,57,800_44_1,6103,5574763
1505655706711,2143,35,800_44_1,6107,5576231
1505656937894,3374,56,800_44_1,6103,5574763
1505655706711,2083,34,800_44_1,6107,5576231
1505656937894,3314,55,800_44_1,6103,5574763
1505655706711,2023,33,800_44_1,6107,5576231
1505656937894,3254,54,800_44_1,6103,5574763
1505655706711,1963,32,800_44_1,6107,5576231
1505656937894,3194,53,800_44_1,6103,5574763
1505655706711,1903,31,800_44_1,6107,5576231
1505656937894,3134,52,800_44_1,6103,5574763
1505655706711,1841,30,800_44_1,6107,5576231
1505656937894,3072,51,800_44_1,6103,5574763
1505655706711,1781,29,800_44_1,6107,5576231
1505656937894,3012,50,800_44_1,6103,5574763
1505655706711,1721,28,800_44_1,6107,5576231
1505656937894,2952,49,800_44_1,6103,5574763
1505655706711,1659,27,800_44_1,6107,5576231
1505656937894,2890,48,800_44_1,6103,5574763
1505655706711,1600,26,800_44_1,6107,5576231
1505656937894,2831,47,800_44_1,6103,5574763
1505655642631,1478,24,800_44_1,6107,5576231
1505656937894,2773,46,800_44_1,6103,5574763
1505655642631,1419,23,800_44_1,6107,5576231
1505656937894,2714,45,800_44_1,6103,5574763
1505655642631,1359,22,800_44_1,6107,5576231
1505656937894,2654,44,800_44_1,6103,5574763
1505655642631,1299,21,800_44_1,6107,5576231
1505656937894,2594,43,800_44_1,6103,5574763
1505655661710,1258,20,800_44_1,6107,5576231
1505656937894,2534,42,800_44_1,6103,5574763
1505655661710,1198,19,800_44_1,6107,5576231
1505656937894,2474,41,800_44_1,6103,5574763
1505655661710,1137,18,800_44_1,6107,5576231
1505656937894,2414,40,800_44_1,6103,5574763
1505655651708,1067,17,800_44_1,6107,5576231
1505656937894,2353,39,800_44_1,6103,5574763
1505655707460,1063,17,800_44_1,6107,5576231
1505656937894,2294,38,800_44_1,6103,5574763
1505655707460,1004,16,800_44_1,6107,5576231
1505656937894,2234,37,800_44_1,6103,5574763
1505655707460,943,15,800_44_1,6107,5576231
1505656937894,2173,36,800_44_1,6103,5574763
1505655711285,888,14,800_44_1,6107,5576231
1505656937894,2114,35,800_44_1,6103,5574763
1505655706846,823,13,800_44_1,6107,5576231
1505656937894,2054,34,800_44_1,6103,5574763
1505655706846,763,12,800_44_1,6107,5576231
1505656937894,1994,33,800_44_1,6103,5574763
1505655706846,703,11,800_44_1,6107,5576231
1505656937894,1934,32,800_44_1,6103,5574763
1505655731445,668,11,800_44_1,6107,5576231
1505656937894,1874,31,800_44_1,6103,5574763
1505655731445,608,10,800_44_1,6107,5576231
1505656937894,1814,30,800_44_1,6103,5574763
1505655731445,548,9,800_44_1,6107,5576231
1505656937894,1754,29,800_44_1,6103,5574763
1505655653375,410,6,800_44_1,6107,5576231
1505656966280,1722,28,800_44_1,6103,5574763
1505655653375,349,5,800_44_1,6107,5576231
1505656868014,1563,26,800_44_1,6103,5574763
1505655653375,289,4,800_44_1,6107,5576231
1505656990250,1626,27,800_44_1,6103,5574763
1505655653375,229,3,800_44_1,6107,5576231
1505656990250,1566,26,800_44_1,6103,5574763
1505656990250,1506,25,800_44_1,6103,5574763
1505656965367,1421,23,800_44_1,6103,5574763
1505656967114,1362,22,800_44_1,6103,5574763
1505656972055,1307,21,800_44_1,6103,5574763
1505656972055,1248,20,800_44_1,6103,5574763
1505656972055,1187,19,800_44_1,6103,5574763
1505656874463,1031,17,800_44_1,6103,5574763
1505656874463,970,16,800_44_1,6103,5574763
1505656874463,910,15,800_44_1,6103,5574763
1505656877991,831,13,800_44_1,6103,5574763
1505656922201,838,13,800_44_1,6103,5574763
1505656939644,793,13,800_44_1,6103,5574763
1505656953175,749,12,800_44_1,6103,5574763
1505656953175,690,11,800_44_1,6103,5574763
1505656953175,629,10,800_44_1,6103,5574763
1505656953175,568,9,800_44_1,6103,5574763
1505656953175,509,8,800_44_1,6103,5574763
1505656841784,337,5,800_44_1,6103,5574763
1505656812730,248,4,800_44_1,6103,5574763
1505656812730,189,3,800_44_1,6103,5574763
1505656812730,129,2,800_44_1,6103,5574763
1505656804758,59,0,800_44_1,6103,5574763
1505656804758,0,0,800_44_1,6103,5574763
1505743363218,5379,89,800_44_1,2208,5576241
1505743363218,5320,88,800_44_1,2208,5576241
1505743363218,5259,87,800_44_1,2208,5576241
1505743363218,5199,86,800_44_1,2208,5576241
1505743363218,5139,85,800_44_1,2208,5576241
1505743363218,5079,84,800_44_1,2208,5576241
1505743363218,5019,83,800_44_1,2208,5576241
1505743363218,4959,82,800_44_1,2208,5576241
1505743363218,4898,81,800_44_1,2208,5576241
1505743363218,4839,80,800_44_1,2208,5576241
1505743363218,4778,79,800_44_1,2208,5576241
1505743363218,4720,78,800_44_1,2208,5576241
1505743363218,4659,77,800_44_1,2208,5576241
1505743363218,4597,76,800_44_1,2208,5576241
1505743363218,4539,75,800_44_1,2208,5576241
1505743363218,4477,74,800_44_1,2208,5576241
1505743363218,4419,73,800_44_1,2208,5576241
1505743363218,4358,72,800_44_1,2208,5576241
1505743363218,4299,71,800_44_1,2208,5576241
1505743363218,4239,70,800_44_1,2208,5576241
1505743363218,4179,69,800_44_1,2208,5576241
1505743363218,4118,68,800_44_1,2208,5576241
1505743363218,4059,67,800_44_1,2208,5576241
1505743363218,3999,66,800_44_1,2208,5576241
1505743363218,3939,65,800_44_1,2208,5576241
1505743363218,3879,64,800_44_1,2208,5576241
1505743363218,3820,63,800_44_1,2208,5576241
1505743363218,3757,62,800_44_1,2208,5576241
1505743363218,3698,61,800_44_1,2208,5576241
1505743363218,3638,60,800_44_1,2208,5576241
1505743365025,3578,59,800_44_1,2208,5576241
1505743365025,3521,58,800_44_1,2208,5576241
1505743365025,3461,57,800_44_1,2208,5576241
1505743365025,3401,56,800_44_1,2208,5576241
1505743365025,3341,55,800_44_1,2208,5576241
1505743365025,3281,54,800_44_1,2208,5576241
1505743363218,3219,53,800_44_1,2208,5576241
1505743371133,3167,52,800_44_1,2208,5576241
1505743363218,3099,51,800_44_1,2208,5576241
1505743389642,3066,51,800_44_1,2208,5576241
1505743396066,3011,50,800_44_1,2208,5576241
1505743390051,2946,49,800_44_1,2208,5576241
1505743390051,2886,48,800_44_1,2208,5576241
1505743393294,2829,47,800_44_1,2208,5576241
1505743390167,2765,46,800_44_1,2208,5576241
1505743390167,2706,45,800_44_1,2208,5576241
1505743390167,2646,44,800_44_1,2208,5576241
1505743363218,2559,42,800_44_1,2208,5576241
1505743373601,2510,41,800_44_1,2208,5576241
1505743401173,2477,41,800_44_1,2208,5576241
1505743401173,2417,40,800_44_1,2208,5576241
1505743395990,2352,39,800_44_1,2208,5576241
1505743418048,2314,38,800_44_1,2208,5576241
1505743418048,2254,37,800_44_1,2208,5576241
1505743412840,2189,36,800_44_1,2208,5576241
1505743407800,2124,35,800_44_1,2208,5576241
1505743408458,2064,34,800_44_1,2208,5576241
1505743379066,1975,32,800_44_1,2208,5576241
1505743379463,1915,31,800_44_1,2208,5576241
1505743379463,1855,30,800_44_1,2208,5576241
1505743363218,1777,29,800_44_1,2208,5576241
1505743363218,1719,28,800_44_1,2208,5576241
1505743370286,1665,27,800_44_1,2208,5576241
1505743370286,1606,26,800_44_1,2208,5576241
1505743408518,1585,26,800_44_1,2208,5576241
1505743546684,1663,27,800_44_1,2208,5576241
1505743546684,1602,26,800_44_1,2208,5576241
1505743546684,1542,25,800_44_1,2208,5576241
1505743546684,1482,24,800_44_1,2208,5576241
1505743726470,1602,26,800_44_1,2208,5576241
1505743726470,1542,25,800_44_1,2208,5576241
1505743824822,1579,26,800_44_1,2208,5576241
1505743824822,1520,25,800_44_1,2208,5576241
1505743824822,1460,24,800_44_1,2208,5576241
1505743824822,1401,23,800_44_1,2208,5576241
1506173917522,5375,89,800_44_1,2212,5574753
1506173917522,5314,88,800_44_1,2212,5574753
1506173917522,5254,87,800_44_1,2212,5574753
1506173917522,5194,86,800_44_1,2212,5574753
1506173917522,5134,85,800_44_1,2212,5574753
1506173917522,5074,84,800_44_1,2212,5574753
1506173917522,5013,83,800_44_1,2212,5574753
1506173917522,4953,82,800_44_1,2212,5574753
1506173917522,4893,81,800_44_1,2212,5574753
1506173917522,4833,80,800_44_1,2212,5574753
1506173917522,4774,79,800_44_1,2212,5574753
1506173917522,4713,78,800_44_1,2212,5574753
1506173917522,4653,77,800_44_1,2212,5574753
1506173917522,4594,76,800_44_1,2212,5574753
1506173917522,4533,75,800_44_1,2212,5574753
1506173917522,4473,74,800_44_1,2212,5574753
1506173917522,4411,73,800_44_1,2212,5574753
1506173917522,4354,72,800_44_1,2212,5574753
1506173917522,4292,71,800_44_1,2212,5574753
1506173917522,4234,70,800_44_1,2212,5574753
1506173917522,4172,69,800_44_1,2212,5574753
1506173917522,4114,68,800_44_1,2212,5574753
1506173917522,4053,67,800_44_1,2212,5574753
1506173917522,3991,66,800_44_1,2212,5574753
1506173917522,3933,65,800_44_1,2212,5574753
1506173917522,3871,64,800_44_1,2212,5574753
1506173917522,3812,63,800_44_1,2212,5574753
1506173917522,3754,62,800_44_1,2212,5574753
1506173917522,3693,61,800_44_1,2212,5574753
1506173917522,3511,58,800_44_1,2212,5574753
1506173917522,3452,57,800_44_1,2212,5574753
1506173917522,3393,56,800_44_1,2212,5574753
1506173917522,3333,55,800_44_1,2212,5574753
1506173917522,3271,54,800_44_1,2212,5574753
1506173917522,3213,53,800_44_1,2212,5574753
1506173917522,3153,52,800_44_1,2212,5574753
1506173917522,3094,51,800_44_1,2212,5574753
1506173917522,3033,50,800_44_1,2212,5574753
1506173917522,2974,49,800_44_1,2212,5574753
1506173917522,2913,48,800_44_1,2212,5574753
1506173917522,2853,47,800_44_1,2212,5574753
1506173917522,2792,46,800_44_1,2212,5574753
1506173917522,2734,45,800_44_1,2212,5574753
1506173917522,2674,44,800_44_1,2212,5574753
1506173935279,2629,43,800_44_1,2212,5574753
1506173935279,2571,42,800_44_1,2212,5574753
1506173935279,2510,41,800_44_1,2212,5574753
1506173917522,2434,40,800_44_1,2212,5574753
1506173917522,2373,39,800_44_1,2212,5574753
1506173917522,2312,38,800_44_1,2212,5574753
1506173917522,2253,37,800_44_1,2212,5574753
1506173917522,2194,36,800_44_1,2212,5574753
1506173917522,2133,35,800_44_1,2212,5574753
1506173917522,2073,34,800_44_1,2212,5574753
1506173917522,2014,33,800_44_1,2212,5574753
1506173917522,1954,32,800_44_1,2212,5574753
1506173917522,1893,31,800_44_1,2212,5574753
1506173917522,1834,30,800_44_1,2212,5574753
1506173917522,1774,29,800_44_1,2212,5574753
1506173917522,1714,28,800_44_1,2212,5574753
1506173917522,1653,27,800_44_1,2212,5574753
1506173917522,1594,26,800_44_1,2212,5574753
1506173917522,1534,25,800_44_1,2212,5574753
1506173917522,1473,24,800_44_1,2212,5574753
1506173917522,1413,23,800_44_1,2212,5574753
1506173964708,1400,23,800_44_1,2212,5574753
1506173964708,1340,22,800_44_1,2212,5574753
1506173945491,1262,21,800_44_1,2212,5574753
1506173898088,1154,19,800_44_1,2212,5574753
1506173895779,1090,18,800_44_1,2212,5574753
1506173905953,1042,17,800_44_1,2212,5574753
1506173932067,1008,16,800_44_1,2212,5574753
1506173932067,948,15,800_44_1,2212,5574753
1506173933531,889,14,800_44_1,2212,5574753
1506173933531,828,13,800_44_1,2212,5574753
1506173885080,717,11,800_44_1,2212,5574753
1506173891466,667,11,800_44_1,2212,5574753
1506173891466,606,10,800_44_1,2212,5574753
1506173891466,548,9,800_44_1,2212,5574753
1506173891466,487,8,800_44_1,2212,5574753
1506173704677,239,3,800_44_1,2212,5574753
1506173704677,181,3,800_44_1,2212,5574753
1506173832915,246,4,800_44_1,2212,5574753
1506173884898,241,4,800_44_1,2212,5574753
1506173884898,181,3,800_44_1,2212,5574753
1506173820662,57,0,800_44_1,2212,5574753
1506173926921,43,0,800_44_1,2212,5574753
1506260506711,5322,88,800_44_1,1533,5576231
1506260506711,5262,87,800_44_1,1533,5576231
1506260506711,5202,86,800_44_1,1533,5576231
1506260506711,5141,85,800_44_1,1533,5576231
1506260506711,5082,84,800_44_1,1533,5576231
1506260506711,4840,80,800_44_1,1533,5576231
1506260506711,4781,79,800_44_1,1533,5576231
1506260506711,4720,78,800_44_1,1533,5576231
1506260506711,4662,77,800_44_1,1533,5576231
1506260506711,4603,76,800_44_1,1533,5576231
1506260506711,4542,75,800_44_1,1533,5576231
1506260506711,4482,74,800_44_1,1533,5576231
1506260506711,4422,73,800_44_1,1533,5576231
1506260506711,4360,72,800_44_1,1533,5576231
1506260506711,4301,71,800_44_1,1533,5576231
1506260506711,4242,70,800_44_1,1533,5576231
1506260506711,4181,69,800_44_1,1533,5576231
1506260506711,4122,68,800_44_1,1533,5576231
1506261737894,5353,89,800_44_1,1526,5574763
1506260506711,4062,67,800_44_1,1533,5576231
1506261737894,5293,88,800_44_1,1526,5574763
1506260506711,4002,66,800_44_1,1533,5576231
1506261737894,5233,87,800_44_1,1526,5574763
1506260506711,3941,65,800_44_1,1533,5576231
1506261737894,5172,86,800_44_1,1526,5574763
1506260506711,3881,64,800_44_1,1533,5576231
1506261737894,5112,85,800_44_1,1526,5574763
1506260506711,3822,63,800_44_1,1533,5576231
1506261737894,5053,84,800_44_1,1526,5574763
1506260506711,3762,62,800_44_1,1533,5576231
1506261737894,4993,83,800_44_1,1526,5574763
1506260506711,3702,61,800_44_1,1533,5576231
1506261737894,4933,82,800_44_1,1526,5574763
1506260506711,3640,60,800_44_1,1533,5576231
1506261737894,4872,81,800_44_1,1526,5574763
1506260506711,3575,59,800_44_1,1533,5576231
1506261737894,4807,80,800_44_1,1526,5574763
1506260506711,3519,58,800_44_1,1533,5576231
1506261737894,4751,79,800_44_1,1526,5574763
1506260506711,3462,57,800_44_1,1533,5576231
1506261737894,4693,78,800_44_1,1526,5574763
1506260506711,3399,56,800_44_1,1533,5576231
1506261737894,4630,77,800_44_1,1526,5574763
1506260506711,3341,55,800_44_1,1533,5576231
1506261737894,4572,76,800_44_1,1526,5574763
1506260506711,3282,54,800_44_1,1533,5576231
1506261737894,4513,75,800_44_1,1526,5574763
1506260506711,3221,53,800_44_1,1533,5576231
1506261737894,4452,74,800_44_1,1526,5574763
1506260506711,3160,52,800_44_1,1533,5576231
1506261737894,4391,73,800_44_1,1526,5574763
1506260506711,3100,51,800_44_1,1533,5576231
1506261737894,4331,72,800_44_1,1526,5574763
1506260506711,3040,50,800_44_1,1533,5576231
1506261737894,4271,71,800_44_1,1526,5574763
1506260506711,2982,49,800_44_1,1533,5576231
1506261737894,4214,70,800_44_1,1526,5574763
1506260506711,2921,48,800_44_1,1533,5576231
1506261737894,4153,69,800_44_1,1526,5574763
1506260506711,2861,47,800_44_1,1533,5576231
1506261737894,4093,68,800_44_1,1526,5574763
1506260506711,2802,46,800_44_1,1533,5576231
1506261737894,4033,67,800_44_1,1526,5574763
1506260506711,2742,45,800_44_1,1533,5576231
1506261737894,3973,66,800_44_1,1526,5574763
1506260506711,2682,44,800_44_1,1533,5576231
1506261737894,3913,65,800_44_1,1526,5574763
1506260506711,2622,43,800_44_1,1533,5576231
1506261737894,3853,64,800_44_1,1526,5574763
1506260506711,2561,42,800_44_1,1533,5576231
1506261737894,3792,63,800_44_1,1526,5574763
1506260506711,2500,41,800_44_1,1533,5576231
1506261737894,3731,62,800_44_1,1526,5574763
1506260506711,2442,40,800_44_1,1533,5576231
1506261737894,3673,61,800_44_1,1526,5574763
1506260506711,2381,39,800_44_1,1533,5576231
1506261737894,3612,60,800_44_1,1526,5574763
1506260506711,2321,38,800_44_1,1533,5576231
1506261737894,3552,59,800_44_1,1526,5574763
1506260506711,2261,37,800_44_1,1533,5576231
1506261737894,3492,58,800_44_1,1526,5574763
1506260506711,2201,36,800_44_1,1533,5576231
1506261737894,3432,57,800_44_1,1526,5574763
1506260506711,2139,35,800_44_1,1533,5576231
1506261737894,3371,56,800_44_1,1526,5574763
1506260506711,2081,34,800_44_1,1533,5576231
1506261737894,3312,55,800_44_1,1526,5574763
1506260506711,2020,33,800_44_1,1533,5576231
1506261737894,3251,54,800_44_1,1526,5574763
1506260506711,1961,32,800_44_1,1533,5576231
1506261737894,3193,53,800_44_1,1526,5574763
1506260506711,1901,31,800_44_1,1533,5576231
1506261737894,3132,52,800_44_1,1526,5574763
1506260506711,1842,30,800_44_1,1533,5576231
1506261737894,3073,51,800_44_1,1526,5574763
1506260506711,1782,29,800_44_1,1533,5576231
1506261737894,3013,50,800_44_1,1526,5574763
1506260506711,1719,28,800_44_1,1533,5576231
1506261737894,2950,49,800_44_1,1526,5574763
1506260506711,1660,27,800_44_1,1533,5576231
1506261737894,2892,48,800_44_1,1526,5574763
1506260563711,1659,27,800_44_1,1533,5576231
1506261737894,2833,47,800_44_1,1526,5574763
1506260584440,1616,26,800_44_1,1533,5576231
1506261737894,2770,46,800_44_1,1526,5574763
1506260584440,1559,25,800_44_1,1533,5576231
1506261737894,2712,45,800_44_1,1526,5574763
1506260584440,1498,24,800_44_1,1533,5576231
1506261737894,2651,44,800_44_1,1526,5574763
1506260584440,1437,23,800_44_1,1533,5576231
1506261737894,2591,43,800_44_1,1526,5574763
1506260414437,1208,20,800_44_1,1533,5576231
1506261737894,2531,42,800_44_1,1526,5574763
1506260399900,1132,18,800_44_1,1533,5576231
1506261737894,2470,41,800_44_1,1526,5574763
1506260399900,1074,17,800_44_1,1533,5576231
1506261737894,2412,40,800_44_1,1526,5574763
1506260399900,1012,16,800_44_1,1533,5576231
1506261737894,2350,39,800_44_1,1526,5574763
1506260445381,999,16,800_44_1,1533,5576231
1506261737894,2292,38,800_44_1,1526,5574763
1506260422154,913,15,800_44_1,1533,5576231
1506261737894,2229,37,800_44_1,1526,5574763
1506260382677,816,13,800_44_1,1533,5576231
1506261737894,2171,36,800_44_1,1526,5574763
1506260426020,798,13,800_44_1,1533,5576231
1506261737894,2110,35,800_44_1,1526,5574763
1506260426020,739,12,800_44_1,1533,5576231
1506261737894,2051,34,800_44_1,1526,5574763
1506260424830,680,11,800_44_1,1533,5576231
1506261737894,1993,33,800_44_1,1526,5574763
1506260424830,617,10,800_44_1,1533,5576231
1506261737894,1930,32,800_44_1,1526,5574763
1506260424830,558,9,800_44_1,1533,5576231
1506261737894,1871,31,800_44_1,1526,5574763
1506260340883,414,6,800_44_1,1533,5576231
1506261737894,1811,30,800_44_1,1526,5574763
1506260318362,333,5,800_44_1,1533,5576231
1506261737894,1753,29,800_44_1,1526,5574763
1506260297930,252,4,800_44_1,1533,5576231
1506261737894,1692,28,800_44_1,1526,5574763
1506260297930,190,3,800_44_1,1533,5576231
1506261737894,1630,27,800_44_1,1526,5574763
1506260307117,142,2,800_44_1,1533,5576231
1506261737894,1572,26,800_44_1,1526,5574763
1506260295547,68,1,800_44_1,1533,5576231
1506261737894,1510,25,800_44_1,1526,5574763
1506260353449,68,1,800_44_1,1533,5576231
1506261737894,1453,24,800_44_1,1526,5574763
1506260369714,24,0,800_44_1,1533,5576231
1506262046729,1701,28,800_44_1,1526,5574763
1506262103188,1698,28,800_44_1,1526,5574763
1506262103188,1637,27,800_44_1,1526,5574763
1506262045568,1520,25,800_44_1,1526,5574763
1506262136738,1551,25,800_44_1,1526,5574763
1506262093189,1447,24,800_44_1,1526,5574763
1506262071796,1366,22,800_44_1,1526,5574763
1506262072586,1306,21,800_44_1,1526,5574763
1506262072586,1226,20,800_44_1,1526,5574763
1506262088798,1204,20,800_44_1,1526,5574763
1506262091321,1146,19,800_44_1,1526,5574763
1506262091321,1082,18,800_44_1,1526,5574763
1506262091321,1026,17,800_44_1,1526,5574763
1506262047756,923,15,800_44_1,1526,5574763
1506262047756,862,14,800_44_1,1526,5574763
1506262047756,803,13,800_44_1,1526,5574763
1506262076886,772,12,800_44_1,1526,5574763
1506262106625,741,12,800_44_1,1526,5574763
1506262106625,681,11,800_44_1,1526,5574763
1506262042384,558,9,800_44_1,1526,5574763
1506262087691,542,9,800_44_1,1526,5574763
1506262076488,471,7,800_44_1,1526,5574763
1506262063523,398,6,800_44_1,1526,5574763
1506262084043,357,5,800_44_1,1526,5574763
1506262092671,308,5,800_44_1,1526,5574763
1506262116660,272,4,800_44_1,1526,5574763
1506262116660,211,3,800_44_1,1526,5574763
1506262116660,151,2,800_44_1,1526,5574763
1506262100675,75,1,800_44_1,1526,5574763
1506262100675,17,0,800_44_1,1526,5574763
1506348163218,5379,89,800_44_1,2211,5576241
1506348163218,5319,88,800_44_1,2211,5576241
1506348163218,5258,87,800_44_1,2211,5576241
1506348163218,5199,86,800_44_1,2211,5576241
1506348163218,5138,85,800_44_1,2211,5576241
1506348163218,5079,84,800_44_1,2211,5576241
1506348163218,5019,83,800_44_1,2211,5576241
1506348163218,4959,82,800_44_1,2211,5576241
1506348163218,4897,81,800_44_1,2211,5576241
1506348163218,4839,80,800_44_1,2211,5576241
1506348163218,4779,79,800_44_1,2211,5576241
1506348163218,4718,78,800_44_1,2211,5576241
1506348163218,4658,77,800_44_1,2211,5576241
1506348163218,4598,76,800_44_1,2211,5576241
1506348163218,4537,75,800_44_1,2211,5576241
1506348163218,4478,74,800_44_1,2211,5576241
1506348163218,4419,73,800_44_1,2211,5576241
1506348163218,4358,72,800_44_1,2211,5576241
1506348163218,4298,71,800_44_1,2211,5576241
1506348163218,4239,70,800_44_1,2211,5576241
1506348163218,4177,69,800_44_1,2211,5576241
1506348163218,4117,68,800_44_1,2211,5576241
1506348163218,4059,67,800_44_1,2211,5576241
1506348163218,3998,66,800_44_1,2211,5576241
1506348163218,3937,65,800_44_1,2211,5576241
1506348163218,3878,64,800_44_1,2211,5576241
1506348163218,3818,63,800_44_1,2211,5576241
1506348163218,3758,62,800_44_1,2211,5576241
1506348163218,3694,61,800_44_1,2211,5576241
1506348163218,3639,60,800_44_1,2211,5576241
1506348163218,3577,59,800_44_1,2211,5576241
1506348163218,3519,58,800_44_1,2211,5576241
1506348163218,3458,57,800_44_1,2211,5576241
1506348163218,3399,56,800_44_1,2211,5576241
1506348163218,3339,55,800_44_1,2211,5576241
1506348163218,3279,54,800_44_1,2211,5576241
1506348163218,3219,53,800_44_1,2211,5576241
1506348163218,3157,52,800_44_1,2211,5576241
1506348163218,3098,51,800_44_1,2211,5576241
1506348163218,3039,50,800_44_1,2211,5576241
1506348163218,2978,49,800_44_1,2211,5576241
1506348163218,2919,48,800_44_1,2211,5576241
1506348163218,2859,47,800_44_1,2211,5576241
1506348163218,2799,46,800_44_1,2211,5576241
1506348163218,2739,45,800_44_1,2211,5576241
1506348163218,2679,44,800_44_1,2211,5576241
1506348163218,2619,43,800_44_1,2211,5576241
1506348163218,2559,42,800_44_1,2211,5576241
1506348163218,2499,41,800_44_1,2211,5576241
1506348163218,2439,40,800_44_1,2211,5576241
1506348163218,2379,39,800_44_1,2211,5576241
1506348163218,2319,38,800_44_1,2211,5576241
1506348163218,2256,37,800_44_1,2211,5576241
1506348163218,2199,36,800_44_1,2211,5576241
1506348163218,2139,35,800_44_1,2211,5576241
1506348163218,2078,34,800_44_1,2211,5576241
1506348163218,2019,33,800_44_1,2211,5576241
1506348163218,1958,32,800_44_1,2211,5576241
1506348163218,1899,31,800_44_1,2211,5576241
1506348163218,1838,30,800_44_1,2211,5576241
1506348163218,1777,29,800_44_1,2211,5576241
1506348163218,1719,28,800_44_1,2211,5576241
1506348223557,1717,28,800_44_1,2211,5576241
1506348223557,1659,27,800_44_1,2211,5576241
1506348223557,1599,26,800_44_1,2211,5576241
1506348223557,1538,25,800_44_1,2211,5576241
1506348223557,1478,24,800_44_1,2211,5576241
1506348408819,1602,26,800_44_1,2211,5576241
1506348408819,1542,25,800_44_1,2211,5576241
1506348408819,1483,24,800_44_1,2211,5576241
1506348408819,1422,23,800_44_1,2211,5576241
1506865166511,5363,89,800_44_1,1537,5576231
1506865166511,5303,88,800_44_1,1537,5576231
1506865166511,5242,87,800_44_1,1537,5576231
1506865166511,5180,86,800_44_1,1537,5576231
1506865166511,5121,85,800_44_1,1537,5576231
1506865166511,5062,84,800_44_1,1537,5576231
1506865166511,5002,83,800_44_1,1537,5576231
1506865166511,4943,82,800_44_1,1537,5576231
1506865166511,4879,81,800_44_1,1537,5576231
1506865166511,4822,80,800_44_1,1537,5576231
1506865166511,4762,79,800_44_1,1537,5576231
1506865166511,4703,78,800_44_1,1537,5576231
1506865166511,4643,77,800_44_1,1537,5576231
1506865166511,4583,76,800_44_1,1537,5576231
1506865166511,4520,75,800_44_1,1537,5576231
1506865166511,4463,74,800_44_1,1537,5576231
1506865166511,4400,73,800_44_1,1537,5576231
1506865166511,4343,72,800_44_1,1537,5576231
1506865166511,4283,71,800_44_1,1537,5576231
1506865166511,4223,70,800_44_1,1537,5576231
1506865166511,4160,69,800_44_1,1537,5576231
1506865166511,4103,68,800_44_1,1537,5576231
1506865166511,4043,67,800_44_1,1537,5576231
1506865166511,3983,66,800_44_1,1537,5576231
1506865166511,3923,65,800_44_1,1537,5576231
1506865166511,3862,64,800_44_1,1537,5576231
1506865166511,3803,63,800_44_1,1537,5576231
1506865166511,3743,62,800_44_1,1537,5576231
1506865166511,3683,61,800_44_1,1537,5576231
1506865166511,3622,60,800_44_1,1537,5576231
1506865166511,3562,59,800_44_1,1537,5576231
1506865166511,3502,58,800_44_1,1537,5576231
1506865166511,3442,57,800_44_1,1537,5576231
1506865166511,3382,56,800_44_1,1537,5576231
1506865166511,3321,55,800_44_1,1537,5576231
1506865166511,3260,54,800_44_1,1537,5576231
1506865166511,3199,53,800_44_1,1537,5576231
1506865166511,3141,52,800_44_1,1537,5576231
1506865166511,3080,51,800_44_1,1537,5576231
1506865166511,3022,50,800_44_1,1537,5576231
1506865166511,2954,49,800_44_1,1537,5576231
1506865166511,2901,48,800_44_1,1537,5576231
1506865166511,2842,47,800_44_1,1537,5576231
1506865166511,2782,46,800_44_1,1537,5576231
1506865166511,2722,45,800_44_1,1537,5576231
1506865166511,2661,44,800_44_1,1537,5576231
1506865166511,2600,43,800_44_1,1537,5576231
1506865166511,2539,42,800_44_1,1537,5576231
1506865166511,2480,41,800_44_1,1537,5576231
1506865166511,2420,40,800_44_1,1537,5576231
1506865166511,2361,39,800_44_1,1537,5576231
1506865166511,2301,38,800_44_1,1537,5576231
1506865166511,2242,37,800_44_1,1537,5576231
1506865166511,2182,36,800_44_1,1537,5576231
1506865166511,2119,35,800_44_1,1537,5576231
1506865166511,2062,34,800_44_1,1537,5576231
1506865166511,2002,33,800_44_1,1537,5576231
1506865166511,1942,32,800_44_1,1537,5576231
1506865166511,1882,31,800_44_1,1537,5576231
1506865166511,1820,30,800_44_1,1537,5576231
1506865166511,1761,29,800_44_1,1537,5576231
1506865166511,1702,28,800_44_1,1537,5576231
1506865166511,1640,27,800_44_1,1537,5576231
1506865166511,1582,26,800_44_1,1537,5576231
1506865173511,1528,25,800_44_1,1537,5576231
1506865232511,1528,25,800_44_1,1537,5576231
1506865291511,1526,25,800_44_1,1537,5576231
1506865291511,1467,24,800_44_1,1537,5576231
1506865291511,1407,23,800_44_1,1537,5576231
1506865143305,1199,19,800_44_1,1537,5576231
1506865138023,1134,18,800_44_1,1537,5576231
1506865138023,1071,17,800_44_1,1537,5576231
1506865139572,1014,16,800_44_1,1537,5576231
1506865184076,997,16,800_44_1,1537,5576231
1506865240520,996,16,800_44_1,1537,5576231
1506865225672,917,15,800_44_1,1537,5576231
1506865225672,861,14,800_44_1,1537,5576231
1506865225672,802,13,800_44_1,1537,5576231
1506865225672,741,12,800_44_1,1537,5576231
1506865198354,654,10,800_44_1,1537,5576231
1506865219492,614,10,800_44_1,1537,5576231
1506865219492,555,9,800_44_1,1537,5576231
1506865205854,482,8,800_44_1,1537,5576231
1506865205854,421,7,800_44_1,1537,5576231
1506865188554,341,5,800_44_1,1537,5576231
1506865195045,286,4,800_44_1,1537,5576231
1506865195045,230,3,800_44_1,1537,5576231
1506865161924,138,2,800_44_1,1537,5576231
1506865161924,77,1,800_44_1,1537,5576231
1506865161924,18,0,800_44_1,1537,5576231
1506865328798,63,1,800_44_1,1537,5576231
1506865328798,3,0,800_44_1,1537,5576231
1506952963218,5379,89,800_44_1,2210,5576241
1506952963218,5318,88,800_44_1,2210,5576241
1506952963218,5259,87,800_44_1,2210,5576241
1506952963218,5195,86,800_44_1,2210,5576241
1506952963218,5136,85,800_44_1,2210,5576241
1506952963218,5079,84,800_44_1,2210,5576241
1506952963218,5019,83,800_44_1,2210,5576241
1506952963218,4959,82,800_44_1,2210,5576241
1506952963218,4898,81,800_44_1,2210,5576241
1506952963218,4839,80,800_44_1,2210,5576241
1506952963218,4778,79,800_44_1,2210,5576241
1506952963218,4716,78,800_44_1,2210,5576241
1506952963218,4657,77,800_44_1,2210,5576241
1506952963218,4598,76,800_44_1,2210,5576241
1506952995606,4570,76,800_44_1,2210,5576241
1506952995606,4511,75,800_44_1,2210,5576241
1506952995606,4450,74,800_44_1,2210,5576241
1506952971753,4359,72,800_44_1,2210,5576241
1506953015475,4349,72,800_44_1,2210,5576241
1506953015475,4291,71,800_44_1,2210,5576241
1506952972164,4187,69,800_44_1,2210,5576241
1506952972164,4128,68,800_44_1,2210,5576241
1506952967239,4054,67,800_44_1,2210,5576241
1506952963218,3998,66,800_44_1,2210,5576241
1506952970801,3947,65,800_44_1,2210,5576241
1506952970801,3885,64,800_44_1,2210,5576241
1506952981717,3837,63,800_44_1,2210,5576241
1506952990271,3784,63,800_44_1,2210,5576241
1506952990271,3726,62,800_44_1,2210,5576241
1506953054987,3731,62,800_44_1,2210,5576241
1506953080783,3696,61,800_44_1,2210,5576241
1506953080783,3637,60,800_44_1,2210,5576241
1506953080783,3576,59,800_44_1,2210,5576241
1506953080783,3517,58,800_44_1,2210,5576241
1506953080783,3456,57,800_44_1,2210,5576241
1506953138977,3454,57,800_44_1,2210,5576241
1506953138977,3394,56,800_44_1,2210,5576241
1506953138977,3334,55,800_44_1,2210,5576241
1506953153294,3289,54,800_44_1,2210,5576241
1506953153294,3227,53,800_44_1,2210,5576241
1506953206877,3222,53,800_44_1,2210,5576241
1506953162153,3116,51,800_44_1,2210,5576241
1506953162153,3057,50,800_44_1,2210,5576241
1506953120287,2956,49,800_44_1,2210,5576241
1506953120287,2895,48,800_44_1,2210,5576241
1506953120287,2833,47,800_44_1,2210,5576241
1506953125746,2781,46,800_44_1,2210,5576241
1506953125746,2721,45,800_44_1,2210,5576241
1506953125746,2659,44,800_44_1,2210,5576241
1506953117438,2593,43,800_44_1,2210,5576241
1506953070215,2486,41,800_44_1,2210,5576241
1506953070215,2425,40,800_44_1,2210,5576241
1506953041563,2335,38,800_44_1,2210,5576241
1506953062596,2298,38,800_44_1,2210,5576241
1506953062596,2237,37,800_44_1,2210,5576241
1506953062596,2176,36,800_44_1,2210,5576241
1506953079541,2134,35,800_44_1,2210,5576241
1506953075460,2070,34,800_44_1,2210,5576241
1506953075460,2011,33,800_44_1,2210,5576241
1506953095827,1971,32,800_44_1,2210,5576241
1506953095827,1912,31,800_44_1,2210,5576241
1506953095827,1850,30,800_44_1,2210,5576241
1506953055398,1750,29,800_44_1,2210,5576241
1506953055398,1691,28,800_44_1,2210,5576241
1506953055398,1630,27,800_44_1,2210,5576241
1506953055398,1571,26,800_44_1,2210,5576241
1506953115160,1570,26,800_44_1,2210,5576241
1506953249833,1645,27,800_44_1,2210,5576241
1506953249833,1585,26,800_44_1,2210,5576241
1506953249833,1525,25,800_44_1,2210,5576241
1506953414845,1622,27,800_44_1,2210,5576241
1506953414845,1570,26,800_44_1,2210,5576241
1506953414845,1510,25,800_44_1,2210,5576241
1506953414845,1450,24,800_44_1,2210,5576241
1506953414845,1382,23,800_44_1,2210,5576241
1506953414845,1330,22,800_44_1,2210,5576241
1506953414845,1270,21,800_44_1,2210,5576241
1507383629473,5365,89,800_44_1,2211,5574753
1507383629473,5246,87,800_44_1,2211,5574753
1507383629473,5186,86,800_44_1,2211,5574753
1507383629473,5118,85,800_44_1,2211,5574753
1507383629473,5064,84,800_44_1,2211,5574753
1507383629473,5006,83,800_44_1,2211,5574753
1507383629473,4946,82,800_44_1,2211,5574753
1507383629473,4886,81,800_44_1,2211,5574753
1507383629473,4826,80,800_44_1,2211,5574753
1507383629473,4766,79,800_44_1,2211,5574753
1507383629473,4706,78,800_44_1,2211,5574753
1507383629473,4646,77,800_44_1,2211,5574753
1507383629473,4586,76,800_44_1,2211,5574753
1507383629473,4526,75,800_44_1,2211,5574753
1507383629473,4466,74,800_44_1,2211,5574753
1507383629473,4406,73,800_44_1,2211,5574753
1507383629473,4345,72,800_44_1,2211,5574753
1507383629473,4282,71,800_44_1,2211,5574753
1507383629473,4225,70,800_44_1,2211,5574753
1507383629473,4165,69,800_44_1,2211,5574753
1507383629473,4104,68,800_44_1,2211,5574753
1507383629473,4043,67,800_44_1,2211,5574753
1507383629473,3985,66,800_44_1,2211,5574753
1507383629473,3925,65,800_44_1,2211,5574753
1507383629473,3866,64,800_44_1,2211,5574753
1507383629473,3806,63,800_44_1,2211,5574753
1507383629473,3746,62,800_44_1,2211,5574753
1507383629473,3685,61,800_44_1,2211,5574753
1507383629473,3624,60,800_44_1,2211,5574753
1507383629473,3563,59,800_44_1,2211,5574753
1507383629473,3505,58,800_44_1,2211,5574753
1507383629473,3441,57,800_44_1,2211,5574753
1507383629473,3385,56,800_44_1,2211,5574753
1507383629473,3323,55,800_44_1,2211,5574753
1507383629473,3266,54,800_44_1,2211,5574753
1507383629473,3206,53,800_44_1,2211,5574753
1507383629473,3145,52,800_44_1,2211,5574753
1507383629473,3084,51,800_44_1,2211,5574753
1507383629473,3025,50,800_44_1,2211,5574753
1507383629473,2966,49,800_44_1,2211,5574753
1507383629473,2905,48,800_44_1,2211,5574753
1507383629473,2845,47,800_44_1,2211,5574753
1507383629473,2785,46,800_44_1,2211,5574753
1507383629473,2717,45,800_44_1,2211,5574753
1507383629473,2666,44,800_44_1,2211,5574753
1507383629473,2606,43,800_44_1,2211,5574753
1507383629473,2544,42,800_44_1,2211,5574753
1507383629473,2485,41,800_44_1,2211,5574753
1507383629473,2424,40,800_44_1,2211,5574753
1507383629473,2364,39,800_44_1,2211,5574753
1507383629473,2306,38,800_44_1,2211,5574753
1507383629473,2245,37,800_44_1,2211,5574753
1507383629473,2186,36,800_44_1,2211,5574753
1507383629473,2125,35,800_44_1,2211,5574753
1507383629473,2066,34,800_44_1,2211,5574753
1507383629473,2004,33,800_44_1,2211,5574753
1507383629473,1943,32,800_44_1,2211,5574753
1507383629473,1885,31,800_44_1,2211,5574753
1507383629473,1825,30,800_44_1,2211,5574753
1507383629473,1761,29,800_44_1,2211,5574753
1507383629473,1699,28,800_44_1,2211,5574753
1507383629473,1645,27,800_44_1,2211,5574753
1507383629473,1585,26,800_44_1,2211,5574753
1507383582791,1478,24,800_44_1,2211,5574753
1507383582791,1419,23,800_44_1,2211,5574753
1507383582791,1358,22,800_44_1,2211,5574753
1507383582791,1299,21,800_44_1,2211,5574753
1507383565820,1222,20,800_44_1,2211,5574753
1507383560664,1156,19,800_44_1,2211,5574753
1507383560664,1097,18,800_44_1,2211,5574753
1507383560664,1036,17,800_44_1,2211,5574753
1507383560664,976,16,800_44_1,2211,5574753
1507383560664,917,15,800_44_1,2211,5574753
1507383573431,868,14,800_44_1,2211,5574753
1507383573431,809,13,800_44_1,2211,5574753
1507383573431,750,12,800_44_1,2211,5574753
1507383573431,690,11,800_44_1,2211,5574753
1507383622117,677,11,800_44_1,2211,5574753
1507383671341,667,11,800_44_1,2211,5574753
1507383671341,607,10,800_44_1,2211,5574753
1507383671341,547,9,800_44_1,2211,5574753
1507383608069,416,6,800_44_1,2211,5574753
1507383608069,364,6,800_44_1,2211,5574753
1507383658008,346,5,800_44_1,2211,5574753
1507383671918,306,5,800_44_1,2211,5574753
1507383671918,245,4,800_44_1,2211,5574753
1507383737126,242,4,800_44_1,2211,5574753
1507383718670,175,2,800_44_1,2211,5574753
1507383749289,144,2,800_44_1,2211,5574753
1507383749289,82,1,800_44_1,2211,5574753
1507383749289,25,0,800_44_1,2211,5574753
1507469966511,5360,89,800_44_1,1529,5576231
1507469966511,5302,88,800_44_1,1529,5576231
1507469966511,5243,87,800_44_1,1529,5576231
1507469966511,5181,86,800_44_1,1529,5576231
1507469966511,5120,85,800_44_1,1529,5576231
1507469966511,5059,84,800_44_1,1529,5576231
1507469966511,5002,83,800_44_1,1529,5576231
1507469966511,4942,82,800_44_1,1529,5576231
1507469966511,4881,81,800_44_1,1529,5576231
1507469966511,4821,80,800_44_1,1529,5576231
1507469966511,4762,79,800_44_1,1529,5576231
1507469966511,4699,78,800_44_1,1529,5576231
1507469966511,4641,77,800_44_1,1529,5576231
1507469966511,4581,76,800_44_1,1529,5576231
1507469966511,4522,75,800_44_1,1529,5576231
1507469966511,4463,74,800_44_1,1529,5576231
1507469966511,4402,73,800_44_1,1529,5576231
1507469966511,4343,72,800_44_1,1529,5576231
1507469966511,4284,71,800_44_1,1529,5576231
1507469966511,4223,70,800_44_1,1529,5576231
1507469966511,4162,69,800_44_1,1529,5576231
1507471166511,5362,89,800_44_1,1525,5574763
1507469966511,4102,68,800_44_1,1529,5576231
1507471166511,5302,88,800_44_1,1525,5574763
1507469966511,4043,67,800_44_1,1529,5576231
1507471166511,5243,87,800_44_1,1525,5574763
1507469966511,3983,66,800_44_1,1529,5576231
1507471166511,5183,86,800_44_1,1525,5574763
1507469966511,3921,65,800_44_1,1529,5576231
1507471166511,5121,85,800_44_1,1525,5574763
1507469966511,3862,64,800_44_1,1529,5576231
1507471166511,5062,84,800_44_1,1525,5574763
1507469966511,3803,63,800_44_1,1529,5576231
1507471166511,5003,83,800_44_1,1525,5574763
1507469966511,3733,62,800_44_1,1529,5576231
1507471166511,4933,82,800_44_1,1525,5574763
1507469966511,3682,61,800_44_1,1529,5576231
1507471166511,4882,81,800_44_1,1525,5574763
1507469966511,3621,60,800_44_1,1529,5576231
1507471166511,4821,80,800_44_1,1525,5574763
1507469966511,3562,59,800_44_1,1529,5576231
1507471166511,4762,79,800_44_1,1525,5574763
1507469966511,3499,58,800_44_1,1529,5576231
1507471166511,4699,78,800_44_1,1525,5574763
1507469966511,3439,57,800_44_1,1529,5576231
1507471166511,4639,77,800_44_1,1525,5574763
1507469966511,3382,56,800_44_1,1529,5576231
1507471166511,4582,76,800_44_1,1525,5574763
1507469966511,3321,55,800_44_1,1529,5576231
1507471166511,4521,75,800_44_1,1525,5574763
1507469966511,3257,54,800_44_1,1529,5576231
1507471166511,4457,74,800_44_1,1525,5574763
1507469966511,3203,53,800_44_1,1529,5576231
1507471166511,4403,73,800_44_1,1525,5574763
1507469966511,3142,52,800_44_1,1529,5576231
1507471166511,4342,72,800_44_1,1525,5574763
1507469966511,3082,51,800_44_1,1529,5576231
1507471166511,4282,71,800_44_1,1525,5574763
1507469966511,3022,50,800_44_1,1529,5576231
1507471166511,4222,70,800_44_1,1525,5574763
1507469966511,2961,49,800_44_1,1529,5576231
1507471166511,4161,69,800_44_1,1525,5574763
1507469966511,2902,48,800_44_1,1529,5576231
1507471166511,4102,68,800_44_1,1525,5574763
1507469966511,2842,47,800_44_1,1529,5576231
1507471166511,4042,67,800_44_1,1525,5574763
1507469966511,2779,46,800_44_1,1529,5576231
1507471166511,3979,66,800_44_1,1525,5574763
1507469966511,2722,45,800_44_1,1529,5576231
1507471166511,3922,65,800_44_1,1525,5574763
1507469966511,2662,44,800_44_1,1529,5576231
1507471166511,3862,64,800_44_1,1525,5574763
1507469966511,2601,43,800_44_1,1529,5576231
1507471166511,3801,63,800_44_1,1525,5574763
1507469966511,2543,42,800_44_1,1529,5576231
1507471166511,3743,62,800_44_1,1525,5574763
1507469966511,2482,41,800_44_1,1529,5576231
1507471166511,3682,61,800_44_1,1525,5574763
1507469966511,2423,40,800_44_1,1529,5576231
1507471166511,3623,60,800_44_1,1525,5574763
1507469966511,2361,39,800_44_1,1529,5576231
1507471166511,3561,59,800_44_1,1525,5574763
1507469966511,2294,38,800_44_1,1529,5576231
1507471166511,3494,58,800_44_1,1525,5574763
1507469966511,2233,37,800_44_1,1529,5576231
1507471166511,3433,57,800_44_1,1525,5574763
1507469966511,2182,36,800_44_1,1529,5576231
1507471166511,3382,56,800_44_1,1525,5574763
1507469966511,2122,35,800_44_1,1529,5576231
1507471166511,3322,55,800_44_1,1525,5574763
1507469966511,2061,34,800_44_1,1529,5576231
1507471166511,3261,54,800_44_1,1525,5574763
1507469966511,2001,33,800_44_1,1529,5576231
1507471166511,3201,53,800_44_1,1525,5574763
1507469966511,1942,32,800_44_1,1529,5576231
1507471166511,3142,52,800_44_1,1525,5574763
1507469966511,1882,31,800_44_1,1529,5576231
1507471166511,3082,51,800_44_1,1525,5574763
1507469966511,1821,30,800_44_1,1529,5576231
1507471166511,3021,50,800_44_1,1525,5574763
1507469966511,1763,29,800_44_1,1529,5576231
1507469966511,1700,28,800_44_1,1529,5576231
1507469966511,1639,27,800_44_1,1529,5576231
1507469966511,1580,26,800_44_1,1529,5576231
1507469966511,1519,25,800_44_1,1529,5576231
1507470028511,1519,25,800_44_1,1529,5576231
1507470033927,1469,24,800_44_1,1529,5576231
1507470033927,1405,23,800_44_1,1529,5576231
1507470033927,1350,22,800_44_1,1529,5576231
1507470033927,1290,21,800_44_1,1529,5576231
1507470030481,1223,20,800_44_1,1529,5576231
1507470030481,1165,19,800_44_1,1529,5576231
1507470015182,1091,18,800_44_1,1529,5576231
1507470024903,1041,17,800_44_1,1529,5576231
1507470041180,996,16,800_44_1,1529,5576231
1507470041180,935,15,800_44_1,1529,5576231
1507470041180,877,14,800_44_1,1529,5576231
1507470041180,809,13,800_44_1,1529,5576231
1507469972131,687,11,800_44_1,1529,5576231
1507470051596,708,11,800_44_1,1529,5576231
1507470061500,654,10,800_44_1,1529,5576231
1507470061500,597,9,800_44_1,1529,5576231
1507470061500,537,8,800_44_1,1529,5576231
1507469924875,340,5,800_44_1,1529,5576231
1507470053474,409,6,800_44_1,1529,5576231
1507470053474,349,5,800_44_1,1529,5576231
1507470049497,285,4,800_44_1,1529,5576231
1507470049497,225,3,800_44_1,1529,5576231
1507470049497,165,2,800_44_1,1529,5576231
1507470049497,106,1,800_44_1,1529,5576231
1507470094011,29,0,800_44_1,1529,5576231
1507557813246,5368,89,800_44_1,2218,5576241
1507557813246,5309,88,800_44_1,2218,5576241
1507557813246,5245,87,800_44_1,2218,5576241
1507557813246,5190,86,800_44_1,2218,5576241
1507557813246,5128,85,800_44_1,2218,5576241
1507557813246,5069,84,800_44_1,2218,5576241
1507557789912,4984,83,800_44_1,2218,5576241
1507557763218,4896,81,800_44_1,2218,5576241
1507557763218,4835,80,800_44_1,2218,5576241
1507557763218,4778,79,800_44_1,2218,5576241
1507557763218,4718,78,800_44_1,2218,5576241
1507557763218,4656,77,800_44_1,2218,5576241
1507557763218,4598,76,800_44_1,2218,5576241
1507557763218,4538,75,800_44_1,2218,5576241
1507557873140,4588,76,800_44_1,2218,5576241
1507557873140,4528,75,800_44_1,2218,5576241
1507557800032,4392,73,800_44_1,2218,5576241
1507557800032,4334,72,800_44_1,2218,5576241
1507557912186,4385,73,800_44_1,2218,5576241
1507557912186,4326,72,800_44_1,2218,5576241
1507557912186,4265,71,800_44_1,2218,5576241
1507557912186,4206,70,800_44_1,2218,5576241
1507557814128,4048,67,800_44_1,2218,5576241
1507557814128,3989,66,800_44_1,2218,5576241
1507557814128,3926,65,800_44_1,2218,5576241
1507557814128,3869,64,800_44_1,2218,5576241
1507557814128,3807,63,800_44_1,2218,5576241
1507557808858,3744,62,800_44_1,2218,5576241
1507557827376,3701,61,800_44_1,2218,5576241
1507557827376,3639,60,800_44_1,2218,5576241
1507557841129,3596,59,800_44_1,2218,5576241
1507557841129,3536,58,800_44_1,2218,5576241
1507557901386,3537,58,800_44_1,2218,5576241
1507557901386,3476,57,800_44_1,2218,5576241
1507557901386,3417,56,800_44_1,2218,5576241
1507557901386,3354,55,800_44_1,2218,5576241
1507557901386,3297,54,800_44_1,2218,5576241
1507557953216,3288,54,800_44_1,2218,5576241
1507557953216,3226,53,800_44_1,2218,5576241
1507557953216,3169,52,800_44_1,2218,5576241
1507557953216,3109,51,800_44_1,2218,5576241
1507557953216,3048,50,800_44_1,2218,5576241
1507557905290,2932,48,800_44_1,2218,5576241
1507557905290,2879,47,800_44_1,2218,5576241
1507557905290,2818,46,800_44_1,2218,5576241
1507557905290,2759,45,800_44_1,2218,5576241
1507557905290,2693,44,800_44_1,2218,5576241
1507557905290,2641,44,800_44_1,2218,5576241
1507557905290,2579,42,800_44_1,2218,5576241
1507557905290,2521,42,800_44_1,2218,5576241
1507557905290,2460,41,800_44_1,2218,5576241
1507557905290,2399,39,800_44_1,2218,5576241
1507557905290,2340,39,800_44_1,2218,5576241
1507557819287,2194,36,800_44_1,2218,5576241
1507557837078,2150,35,800_44_1,2218,5576241
1507557837078,2092,34,800_44_1,2218,5576241
1507557837078,2032,33,800_44_1,2218,5576241
1507557837078,1971,32,800_44_1,2218,5576241
1507557837078,1912,31,800_44_1,2218,5576241
1507557837078,1853,30,800_44_1,2218,5576241
1507557837078,1790,29,800_44_1,2218,5576241
1507557837078,1730,28,800_44_1,2218,5576241
1507557837078,1672,27,800_44_1,2218,5576241
1507557837078,1610,26,800_44_1,2218,5576241
1507557837078,1553,25,800_44_1,2218,5576241
1507557837078,1493,24,800_44_1,2218,5576241
1507557837078,1432,23,800_44_1,2218,5576241
1507557837078,1363,22,800_44_1,2218,5576241
1507558084420,1560,26,800_44_1,2218,5576241
1507558183795,1599,26,800_44_1,2218,5576241
1507558183795,1537,25,800_44_1,2218,5576241
1507558183795,1479,24,800_44_1,2218,5576241
1507558183795,1419,23,800_44_1,2218,5576241
1507558183795,1359,22,800_44_1,2218,5576241
1507988525021,5399,89,800_44_1,2206,5574753
1507988525021,5340,89,800_44_1,2206,5574753
1507988525021,5280,88,800_44_1,2206,5574753
1507988525021,5221,87,800_44_1,2206,5574753
1507988525021,5159,85,800_44_1,2206,5574753
1507988525021,5100,85,800_44_1,2206,5574753
1507988525021,5040,84,800_44_1,2206,5574753
1507988525021,4982,83,800_44_1,2206,5574753
1507988525021,4921,82,800_44_1,2206,5574753
1507988525021,4854,80,800_44_1,2206,5574753
1507988525021,4799,79,800_44_1,2206,5574753
1507988525021,4740,79,800_44_1,2206,5574753
1507988525021,4681,78,800_44_1,2206,5574753
1507988525021,4619,76,800_44_1,2206,5574753
1507988525021,4558,75,800_44_1,2206,5574753
1507988525021,4501,75,800_44_1,2206,5574753
1507988525021,4439,73,800_44_1,2206,5574753
1507988525021,4380,73,800_44_1,2206,5574753
1507988525021,4319,71,800_44_1,2206,5574753
1507988525021,4260,71,800_44_1,2206,5574753
1507988525021,4199,69,800_44_1,2206,5574753
1507988525021,4140,69,800_44_1,2206,5574753
1507988525021,4081,68,800_44_1,2206,5574753
1507988525021,4019,66,800_44_1,2206,5574753
1507988525021,3959,65,800_44_1,2206,5574753
1507988525021,3900,65,800_44_1,2206,5574753
1507988525021,3841,64,800_44_1,2206,5574753
1507988525021,3780,63,800_44_1,2206,5574753
1507988525021,3719,61,800_44_1,2206,5574753
1507988525021,3661,61,800_44_1,2206,5574753
1507988525021,3601,60,800_44_1,2206,5574753
1507988525021,3538,58,800_44_1,2206,5574753
1507988525021,3479,57,800_44_1,2206,5574753
1507988525021,3420,57,800_44_1,2206,5574753
1507988525021,3360,56,800_44_1,2206,5574753
1507988525021,3301,55,800_44_1,2206,5574753
1507988525021,3240,54,800_44_1,2206,5574753
1507988525021,3180,53,800_44_1,2206,5574753
1507988525021,3119,51,800_44_1,2206,5574753
1507988525021,3060,51,800_44_1,2206,5574753
1507988525021,3000,50,800_44_1,2206,5574753
1507988525021,2941,49,800_44_1,2206,5574753
1507988525021,2879,47,800_44_1,2206,5574753
1507988525021,2819,46,800_44_1,2206,5574753
1507988525021,2760,46,800_44_1,2206,5574753
1507988525021,2701,45,800_44_1,2206,5574753
1507988525021,2641,44,800_44_1,2206,5574753
1507988525021,2578,42,800_44_1,2206,5574753
1507988525021,2519,41,800_44_1,2206,5574753
1507988525021,2460,41,800_44_1,2206,5574753
1507988525021,2392,39,800_44_1,2206,5574753
1507988525021,2340,39,800_44_1,2206,5574753
1507988525021,2279,37,800_44_1,2206,5574753
1507988525021,2221,37,800_44_1,2206,5574753
1507988525021,2160,36,800_44_1,2206,5574753
1507988525021,2100,35,800_44_1,2206,5574753
1507988525021,2041,34,800_44_1,2206,5574753
1507988525021,1978,32,800_44_1,2206,5574753
1507988525021,1920,32,800_44_1,2206,5574753
1507988525021,1860,31,800_44_1,2206,5574753
1507988525021,1801,30,800_44_1,2206,5574753
1507988525021,1741,29,800_44_1,2206,5574753
1507988517341,1672,27,800_44_1,2206,5574753
1507988517341,1613,26,800_44_1,2206,5574753
1507988602746,1637,27,800_44_1,2206,5574753
1507988657092,1633,27,800_44_1,2206,5574753
1507988657092,1573,26,800_44_1,2206,5574753
1507988637514,1493,24,800_44_1,2206,5574753
1507988637514,1432,23,800_44_1,2206,5574753
1507988637514,1373,22,800_44_1,2206,5574753
1507988637245,1310,21,800_44_1,2206,5574753
1507988576839,1192,19,800_44_1,2206,5574753
1507988568914,1125,18,800_44_1,2206,5574753
1507988568914,1062,17,800_44_1,2206,5574753
1507988568914,1003,16,800_44_1,2206,5574753
1507988601722,977,16,800_44_1,2206,5574753
1507988593085,909,15,800_44_1,2206,5574753
1507988593085,849,14,800_44_1,2206,5574753
1507988584731,780,13,800_44_1,2206,5574753
1507988584731,720,12,800_44_1,2206,5574753
1507988496563,572,9,800_44_1,2206,5574753
1507988542745,559,9,800_44_1,2206,5574753
1507988514240,470,7,800_44_1,2206,5574753
1507988449695,345,5,800_44_1,2206,5574753
1507988449695,285,4,800_44_1,2206,5574753
1507988473857,248,4,800_44_1,2206,5574753
1507988473857,189,3,800_44_1,2206,5574753
1507988473857,129,2,800_44_1,2206,5574753
1507988473857,69,1,800_44_1,2206,5574753
1508074983170,5339,88,800_44_1,1535,5576231
1508074983170,5280,88,800_44_1,1535,5576231
1508074983170,5219,86,800_44_1,1535,5576231
1508074983170,5160,86,800_44_1,1535,5576231
1508074983170,5099,84,800_44_1,1535,5576231
1508074983170,5040,84,800_44_1,1535,5576231
1508074983170,4980,83,800_44_1,1535,5576231
1508074983170,4919,81,800_44_1,1535,5576231
1508074983170,4859,80,800_44_1,1535,5576231
1508074983170,4798,79,800_44_1,1535,5576231
1508074983170,4740,79,800_44_1,1535,5576231
1508074983170,4679,77,800_44_1,1535,5576231
1508074983170,4620,77,800_44_1,1535,5576231
1508074983170,4559,75,800_44_1,1535,5576231
1508074983170,4500,75,800_44_1,1535,5576231
1508074983170,4439,73,800_44_1,1535,5576231
1508074983170,4380,73,800_44_1,1535,5576231
1508074983170,4320,72,800_44_1,1535,5576231
1508076026430,5363,89,800_44_1,1529,5574763
1508074983170,4260,71,800_44_1,1535,5576231
1508076026430,5303,88,800_44_1,1529,5574763
1508074983170,4199,69,800_44_1,1535,5576231
1508076026430,5243,87,800_44_1,1529,5574763
1508074983170,4139,68,800_44_1,1535,5576231
1508076026430,5182,86,800_44_1,1529,5574763
1508074983170,4080,68,800_44_1,1535,5576231
1508076026430,5123,85,800_44_1,1529,5574763
1508074983170,4020,67,800_44_1,1535,5576231
1508076026430,5063,84,800_44_1,1529,5574763
1508074983170,3959,65,800_44_1,1535,5576231
1508076026430,5002,83,800_44_1,1529,5574763
1508074983170,3900,65,800_44_1,1535,5576231
1508076026430,4943,82,800_44_1,1529,5574763
1508074983170,3839,63,800_44_1,1535,5576231
1508076026430,4882,81,800_44_1,1529,5574763
1508074983170,3780,63,800_44_1,1535,5576231
1508076026430,4823,80,800_44_1,1529,5574763
1508074983170,3720,62,800_44_1,1535,5576231
1508076026430,4763,79,800_44_1,1529,5574763
1508074983170,3658,60,800_44_1,1535,5576231
1508076026430,4701,78,800_44_1,1529,5574763
1508074983170,3599,59,800_44_1,1535,5576231
1508076026430,4642,77,800_44_1,1529,5574763
1508074983170,3539,58,800_44_1,1535,5576231
1508076026430,4582,76,800_44_1,1529,5574763
1508074983170,3477,57,800_44_1,1535,5576231
1508076026430,4520,75,800_44_1,1529,5574763
1508074983170,3419,56,800_44_1,1535,5576231
1508076026430,4463,74,800_44_1,1529,5574763
1508074983170,3359,55,800_44_1,1535,5576231
1508076026430,4403,73,800_44_1,1529,5574763
1508074983170,3298,54,800_44_1,1535,5576231
1508076026430,4341,72,800_44_1,1529,5574763
1508074983170,3239,53,800_44_1,1535,5576231
1508076026430,4282,71,800_44_1,1529,5574763
1508074983170,3178,52,800_44_1,1535,5576231
1508076026430,4221,70,800_44_1,1529,5574763
1508074983170,3118,51,800_44_1,1535,5576231
1508076026430,4161,69,800_44_1,1529,5574763
1508074983170,3058,50,800_44_1,1535,5576231
1508076026430,4102,68,800_44_1,1529,5574763
1508074983170,2999,49,800_44_1,1535,5576231
1508076026430,4042,67,800_44_1,1529,5574763
1508074983170,2939,48,800_44_1,1535,5576231
1508076026430,3982,66,800_44_1,1529,5574763
1508074983170,2879,47,800_44_1,1535,5576231
1508076026430,3922,65,800_44_1,1529,5574763
1508074983170,2818,46,800_44_1,1535,5576231
1508076026430,3862,64,800_44_1,1529,5574763
1508074983170,2759,45,800_44_1,1535,5576231
1508076026430,3803,63,800_44_1,1529,5574763
1508074983170,2699,44,800_44_1,1535,5576231
1508076026430,3743,62,800_44_1,1529,5574763
1508074983170,2638,43,800_44_1,1535,5576231
1508076026430,3681,61,800_44_1,1529,5574763
1508074983170,2578,42,800_44_1,1535,5576231
1508076026430,3621,60,800_44_1,1529,5574763
1508074983170,2519,41,800_44_1,1535,5576231
1508076026430,3562,59,800_44_1,1529,5574763
1508074983170,2458,40,800_44_1,1535,5576231
1508076026430,3502,58,800_44_1,1529,5574763
1508074983170,2399,39,800_44_1,1535,5576231
1508076026430,3443,57,800_44_1,1529,5574763
1508074983170,2339,38,800_44_1,1535,5576231
1508076026430,3382,56,800_44_1,1529,5574763
1508074983170,2279,37,800_44_1,1535,5576231
1508076026430,3322,55,800_44_1,1529,5574763
1508074983170,2218,36,800_44_1,1535,5576231
1508076026430,3262,54,800_44_1,1529,5574763
1508074983170,2159,35,800_44_1,1535,5576231
1508076026430,3202,53,800_44_1,1529,5574763
1508074983170,2099,34,800_44_1,1535,5576231
1508076026430,3142,52,800_44_1,1529,5574763
1508074983170,2039,33,800_44_1,1535,5576231
1508076026430,3082,51,800_44_1,1529,5574763
1508074983170,1979,32,800_44_1,1535,5576231
1508076026430,3022,50,800_44_1,1529,5574763
1508074983170,1918,31,800_44_1,1535,5576231
1508076026430,2961,49,800_44_1,1529,5574763
1508074983170,1859,30,800_44_1,1535,5576231
1508076026430,2902,48,800_44_1,1529,5574763
1508074983170,1799,29,800_44_1,1535,5576231
1508076026430,2842,47,800_44_1,1529,5574763
1508075027170,1783,29,800_44_1,1535,5576231
1508076026430,2782,46,800_44_1,1529,5574763
1508075051575,1746,29,800_44_1,1535,5576231
1508076026430,2721,45,800_44_1,1529,5574763
1508075074105,1710,28,800_44_1,1535,5576231
1508076026430,2662,44,800_44_1,1529,5574763
1508075077047,1652,27,800_44_1,1535,5576231
1508076026430,2602,43,800_44_1,1529,5574763
1508075087776,1601,26,800_44_1,1535,5576231
1508076026430,2539,42,800_44_1,1529,5574763
1508075086579,1542,25,800_44_1,1535,5576231
1508076026430,2482,41,800_44_1,1529,5574763
1508075086579,1482,24,800_44_1,1535,5576231
1508076026430,2422,40,800_44_1,1529,5574763
1508075058555,1394,23,800_44_1,1535,5576231
1508076026430,2362,39,800_44_1,1529,5574763
1508075058555,1333,22,800_44_1,1535,5576231
1508076026430,2301,38,800_44_1,1529,5574763
1508075018980,1235,20,800_44_1,1535,5576231
1508076026430,2243,37,800_44_1,1529,5574763
1508075072929,1228,20,800_44_1,1535,5576231
1508076026430,2182,36,800_44_1,1529,5574763
1508075094039,1188,19,800_44_1,1535,5576231
1508076026430,2121,35,800_44_1,1529,5574763
1508075056277,1091,18,800_44_1,1535,5576231
1508076026430,2062,34,800_44_1,1529,5574763
1508075056277,1032,17,800_44_1,1535,5576231
1508076026430,2002,33,800_44_1,1529,5574763
1508075056277,972,16,800_44_1,1535,5576231
1508076026430,1942,32,800_44_1,1529,5574763
1508075073005,929,15,800_44_1,1535,5576231
1508076026430,1883,31,800_44_1,1529,5574763
1508075073005,868,14,800_44_1,1535,5576231
1508076026430,1822,30,800_44_1,1529,5574763
1508075028571,764,12,800_44_1,1535,5576231
1508076026430,1762,29,800_44_1,1529,5574763
1508075054791,730,12,800_44_1,1535,5576231
1508076013186,1689,28,800_44_1,1529,5574763
1508075054791,670,11,800_44_1,1535,5576231
1508076013186,1628,27,800_44_1,1529,5574763
1508075054791,610,10,800_44_1,1535,5576231
1508076013186,1568,26,800_44_1,1529,5574763
1508075017793,514,8,800_44_1,1535,5576231
1508076013186,1510,25,800_44_1,1529,5574763
1508075017793,454,7,800_44_1,1535,5576231
1508076013186,1449,24,800_44_1,1529,5574763
1508075017793,394,6,800_44_1,1535,5576231
1508076013186,1389,23,800_44_1,1529,5574763
1508075068219,384,6,800_44_1,1535,5576231
1508076041468,1358,22,800_44_1,1529,5574763
1508074982397,239,3,800_44_1,1535,5576231
1508076041468,1298,21,800_44_1,1529,5574763
1508074982397,179,2,800_44_1,1535,5576231
1508076041468,1238,20,800_44_1,1529,5574763
1508074879813,14,0,800_44_1,1535,5576231
1508076054545,1189,19,800_44_1,1529,5574763
1508076043438,1119,18,800_44_1,1529,5574763
1508076043438,1059,17,800_44_1,1529,5574763
1508076043438,998,16,800_44_1,1529,5574763
1508076063970,960,16,800_44_1,1529,5574763
1508076063970,897,14,800_44_1,1529,5574763
1508076039722,795,13,800_44_1,1529,5574763
1508076039722,756,12,800_44_1,1529,5574763
1508076031950,688,11,800_44_1,1529,5574763
1508076025836,622,10,800_44_1,1529,5574763
1508076029953,566,9,800_44_1,1529,5574763
1508076028059,504,8,800_44_1,1529,5574763
1508076024905,441,7,800_44_1,1529,5574763
1508076024905,381,6,800_44_1,1529,5574763
1508076024905,321,5,800_44_1,1529,5574763
1508076024905,259,4,800_44_1,1529,5574763
1508076024905,201,3,800_44_1,1529,5574763
1508076030482,146,2,800_44_1,1529,5574763
1508076030482,87,1,800_44_1,1529,5574763
1508076031613,27,0,800_44_1,1529,5574763
1508162563218,5380,89,800_44_1,2213,5576241
1508162563218,5319,88,800_44_1,2213,5576241
1508162563218,5259,87,800_44_1,2213,5576241
1508162563218,5196,86,800_44_1,2213,5576241
1508162563218,5138,85,800_44_1,2213,5576241
1508162563218,5078,84,800_44_1,2213,5576241
1508162563218,5018,83,800_44_1,2213,5576241
1508162563218,4957,82,800_44_1,2213,5576241
1508162563218,4897,81,800_44_1,2213,5576241
1508162563218,4839,80,800_44_1,2213,5576241
1508162563218,4778,79,800_44_1,2213,5576241
1508162563218,4718,78,800_44_1,2213,5576241
1508162563218,4658,77,800_44_1,2213,5576241
1508162563218,4599,76,800_44_1,2213,5576241
1508162563218,4539,75,800_44_1,2213,5576241
1508162563218,4479,74,800_44_1,2213,5576241
1508162563218,4418,73,800_44_1,2213,5576241
1508162563218,4358,72,800_44_1,2213,5576241
1508162563218,4295,71,800_44_1,2213,5576241
1508162563218,4238,70,800_44_1,2213,5576241
1508162680134,4296,71,800_44_1,2213,5576241
1508162680134,4235,70,800_44_1,2213,5576241
1508162639232,4135,68,800_44_1,2213,5576241
1508162639232,4074,67,800_44_1,2213,5576241
1508162639232,4015,66,800_44_1,2213,5576241
1508162667981,3983,66,800_44_1,2213,5576241
1508162667981,3923,65,800_44_1,2213,5576241
1508162573015,3767,62,800_44_1,2213,5576241
1508162605669,3741,62,800_44_1,2213,5576241
1508162605669,3681,61,800_44_1,2213,5576241
1508162605669,3621,60,800_44_1,2213,5576241
1508162605669,3561,59,800_44_1,2213,5576241
1508162645342,3540,59,800_44_1,2213,5576241
1508162634544,3469,57,800_44_1,2213,5576241
1508162634544,3410,56,800_44_1,2213,5576241
1508162634544,3350,55,800_44_1,2213,5576241
1508162699434,3355,55,800_44_1,2213,5576241
1508162699434,3294,54,800_44_1,2213,5576241
1508162706106,3241,54,800_44_1,2213,5576241
1508162706106,3181,53,800_44_1,2213,5576241
1508162748510,3164,52,800_44_1,2213,5576241
1508162748510,3104,51,800_44_1,2213,5576241
1508162748510,3043,50,800_44_1,2213,5576241
1508162748510,2983,49,800_44_1,2213,5576241
1508162667971,2842,47,800_44_1,2213,5576241
1508162667971,2784,46,800_44_1,2213,5576241
1508162731024,2786,46,800_44_1,2213,5576241
1508162731024,2726,45,800_44_1,2213,5576241
1508162728627,2664,44,800_44_1,2213,5576241
1508162707534,2582,43,800_44_1,2213,5576241
1508162722327,2538,42,800_44_1,2213,5576241
1508162722327,2477,41,800_44_1,2213,5576241
1508162707063,2400,40,800_44_1,2213,5576241
1508162728325,2363,39,800_44_1,2213,5576241
1508162728325,2303,38,800_44_1,2213,5576241
1508162741375,2257,37,800_44_1,2213,5576241
1508162741375,2197,36,800_44_1,2213,5576241
1508162741375,2136,35,800_44_1,2213,5576241
1508162766150,2102,35,800_44_1,2213,5576241
1508162742263,2018,33,800_44_1,2213,5576241
1508162742263,1957,32,800_44_1,2213,5576241
1508162742263,1897,31,800_44_1,2213,5576241
1508162742263,1838,30,800_44_1,2213,5576241
1508162742263,1778,29,800_44_1,2213,5576241
1508162747368,1722,28,800_44_1,2213,5576241
1508162747368,1662,27,800_44_1,2213,5576241
1508162747368,1604,26,800_44_1,2213,5576241
1508162747368,1542,25,800_44_1,2213,5576241
1508162747368,1481,24,800_44_1,2213,5576241
1508162747368,1423,23,800_44_1,2213,5576241
1508162747368,1362,22,800_44_1,2213,5576241
1508162747368,1301,21,800_44_1,2213,5576241
1508162747368,1242,20,800_44_1,2213,5576241
1508162747368,1182,19,800_44_1,2213,5576241
1508162747368,1123,18,800_44_1,2213,5576241
1508162747368,1063,17,800_44_1,2213,5576241
1508162747368,1003,16,800_44_1,2213,5576241
